WAMO,Tango,anduin,aaron,BertAndBort
uwu3,WINDOWLICKER,tumbleweed,ess,Rekoil
FEAR,Djinni,globus-lag,Tantrew,Spjork
LAST,pulpo,beast mode,Eashy,alchemist
DUMB,slobonmyknob,asap,yUnG bReEzY,rake
PCB,Ball-erina,okthen,NameLEss ,waterwheel
RHO,DragonBeast,ccga4,eggo,ooo killem
GOON,gg!,Bright,Mr. Hat,Curry
A01,Trapsin,common,Swiss,Findadmagus
PIRO,BallAnka,boogie,Bumballbee,-Batman-
NIP,Dusk,laserpig,Gryff,Cheezedoodle
PRE,Anze Capitar/tits,BaIl-E,SpaceTiger,Snowball
420,i love HD,87,stevepotato,f t
WCYD,Dr.Ankles,Bubblez,Magnitude,Irony
MUPE,RemoSlice,Juke of Yore,jjpoole,dodsfall
HGW,HarkMollis,zo2,Abe Lincoln,Cheetosrule
TCF,Ty,BDL,Frozen,Armbranch
DOXX,BoldRoller,Moe,King's Crown,Hammer Time
CBX,inthesomeday,First,TurdFerguson,chucky
BBS,Meep,Aardvark,Pandora,DT
QUAK,JARVISLANDRY,James Harden,eee,Victor messi
TWRK,D4NK_JUK3R,Gargantua,Xile,DAD.
LBT,Fender,might dino,Bamboozler,El Sacko
TPR,grunt,Potatochip,Butter,Legion
Pog,mex,intercest,have mad,Dean
VOID,Joe,Messi,Misaki,Nawse
SARS,Gram Parsons,Suchit,42,Raymond53
JIBC,Kooler,DaEpicBlob,LogisticMap,Crony
RTJ,Vader,Slowpolka,Noice!!,Vntus
DARE,FLY,RacgiMan,ref,Destar
A02,yppiks,ralph wiggums,TylerM5086,astor
XeNo,Cuda,Kd0g,Cargo,Cold
